INSERT INTO instructors (instructor_id, first_name, last_name, email) VALUES
(1,'Juan','Perez','juan.perez@mail.com'),
(2,'Maria','Lopez','maria.lopez@mail.com'),
(3,'Carlos','Ramirez','carlos.ramirez@mail.com'),
(4,'Ana','Torres','ana.torres@mail.com'),
(5,'Luis','Gomez','luis.gomez@mail.com'),
(6,'Elena','Diaz','elena.diaz@mail.com'),
(7,'Pedro','Castro','pedro.castro@mail.com'),
(8,'Lucia','Mendoza','lucia.mendoza@mail.com'),
(9,'Jorge','Vargas','jorge.vargas@mail.com'),
(10,'Sofia','Herrera','sofia.herrera@mail.com'),
(11,'Daniel','Rojas','daniel.rojas@mail.com'),
(12,'Laura','Silva','laura.silva@mail.com'),
(13,'Miguel','Morales','miguel.morales@mail.com'),
(14,'Paula','Navarro','paula.navarro@mail.com'),
(15,'David','Ortega','david.ortega@mail.com'),
(16,'Andrea','Guerrero','andrea.guerrero@mail.com'),
(17,'Fernando','Ibarra','fernando.ibarra@mail.com'),
(18,'Valeria','Campos','valeria.campos@mail.com'),
(19,'Ricardo','Soto','ricardo.soto@mail.com'),
(20,'Natalia','Paredes','natalia.paredes@mail.com'),
(21,'Alberto','Reyes','alberto.reyes@mail.com'),
(22,'Patricia','Vega','patricia.vega@mail.com'),
(23,'Oscar','Salazar','oscar.salazar@mail.com'),
(24,'Diana','Cruz','diana.cruz@mail.com'),
(25,'Hector','Aguilar','hector.aguilar@mail.com'),
(26,'Gabriela','Fuentes','gabriela.fuentes@mail.com'),
(27,'Martin','Benitez','martin.benitez@mail.com'),
(28,'Claudia','Escobar','claudia.escobar@mail.com'),
(29,'Victor','Rivas','victor.rivas@mail.com'),
(30,'Monica','Acosta','monica.acosta@mail.com');

INSERT INTO courses (course_id, course_name, course_code, instructor_id) VALUES
(1,'Database Systems','DB101',1),
(2,'Programming I','PR101',2),
(3,'Programming II','PR201',3),
(4,'Web Development','WEB101',4),
(5,'Data Structures','DS201',5),
(6,'Operating Systems','OS301',6),
(7,'Computer Networks','CN301',7),
(8,'Software Engineering','SE401',8),
(9,'Artificial Intelligence','AI401',9),
(10,'Machine Learning','ML402',10),
(11,'Cyber Security','CS403',11),
(12,'Cloud Computing','CC404',12),
(13,'Mobile Development','MD405',13),
(14,'Game Development','GD406',14),
(15,'Human Computer Interaction','HCI407',15),
(16,'Big Data','BD408',16),
(17,'Algorithms','AL409',17),
(18,'Discrete Mathematics','DM410',18),
(19,'Linear Algebra','LA411',19),
(20,'Statistics','ST412',20),
(21,'Data Mining','DM413',21),
(22,'Information Systems','IS414',22),
(23,'Digital Logic','DL415',23),
(24,'Computer Architecture','CA416',24),
(25,'Embedded Systems','ES417',25),
(26,'Blockchain','BC418',26),
(27,'DevOps','DO419',27),
(28,'System Analysis','SA420',28),
(29,'UI UX Design','UX421',29),
(30,'IT Project Management','PM422',30);

INSERT INTO students (student_id, first_name, last_name, email, date_of_birth) VALUES
(1,'Jose','Martinez','jose.martinez@mail.com','2000-05-10'),
(2,'Camila','Sanchez','camila.sanchez@mail.com','2001-07-12'),
(3,'Luis','Garcia','luis.garcia@mail.com','1999-11-02'),
(4,'Valentina','Flores','valentina.flores@mail.com','2002-03-14'),
(5,'Mateo','Rivera','mateo.rivera@mail.com','2000-08-21'),
(6,'Daniela','Ortiz','daniela.ortiz@mail.com','2001-09-17'),
(7,'Sebastian','Ruiz','sebastian.ruiz@mail.com','2002-04-30'),
(8,'Paola','Jimenez','paola.jimenez@mail.com','1999-12-01'),
(9,'Diego','Moreno','diego.moreno@mail.com','2000-06-25'),
(10,'Sara','Alvarez','sara.alvarez@mail.com','2001-01-11'),
(11,'Andres','Gutierrez','andres.gutierrez@mail.com','2000-02-18'),
(12,'Laura','Castillo','laura.castillo@mail.com','2002-07-19'),
(13,'Carlos','Vega','carlos.vega@mail.com','1999-10-05'),
(14,'Maria','Ramos','maria.ramos@mail.com','2001-03-23'),
(15,'Javier','Navarro','javier.navarro@mail.com','2000-11-15'),
(16,'Sofia','Molina','sofia.molina@mail.com','2002-09-10'),
(17,'Pedro','Delgado','pedro.delgado@mail.com','2001-12-04'),
(18,'Lucia','Reyes','lucia.reyes@mail.com','1999-08-22'),
(19,'Miguel','Castro','miguel.castro@mail.com','2000-04-03'),
(20,'Elena','Campos','elena.campos@mail.com','2002-02-14'),
(21,'Fernando','Salas','fernando.salas@mail.com','2001-06-09'),
(22,'Diana','Ponce','diana.ponce@mail.com','1999-09-27'),
(23,'Oscar','Acosta','oscar.acosta@mail.com','2000-10-30'),
(24,'Natalia','Rivas','natalia.rivas@mail.com','2002-01-16'),
(25,'Victor','Iglesias','victor.iglesias@mail.com','2001-04-07'),
(26,'Gabriela','Carrillo','gabriela.carrillo@mail.com','1999-07-18'),
(27,'Martin','Escobar','martin.escobar@mail.com','2000-12-12'),
(28,'Claudia','Fuentes','claudia.fuentes@mail.com','2002-06-01'),
(29,'Ricardo','Aguilar','ricardo.aguilar@mail.com','2001-08-28'),
(30,'Monica','Benitez','monica.benitez@mail.com','2000-03-09');

INSERT INTO enrollments (enrollment_id, student_id, course_id, enrollment_date) VALUES
(1,1,1,'2024-01-10'),
(2,2,2,'2024-01-11'),
(3,3,3,'2024-01-12'),
(4,4,4,'2024-01-13'),
(5,5,5,'2024-01-14'),
(6,6,6,'2024-01-15'),
(7,7,7,'2024-01-16'),
(8,8,8,'2024-01-17'),
(9,9,9,'2024-01-18'),
(10,10,10,'2024-01-19'),
(11,11,11,'2024-01-20'),
(12,12,12,'2024-01-21'),
(13,13,13,'2024-01-22'),
(14,14,14,'2024-01-23'),
(15,15,15,'2024-01-24'),
(16,16,16,'2024-01-25'),
(17,17,17,'2024-01-26'),
(18,18,18,'2024-01-27'),
(19,19,19,'2024-01-28'),
(20,20,20,'2024-01-29'),
(21,21,21,'2024-01-30'),
(22,22,22,'2024-02-01'),
(23,23,23,'2024-02-02'),
(24,24,24,'2024-02-03'),
(25,25,25,'2024-02-04'),
(26,26,26,'2024-02-05'),
(27,27,27,'2024-02-06'),
(28,28,28,'2024-02-07'),
(29,29,29,'2024-02-08'),
(30,30,30,'2024-02-09');